Ferreteria Wil Mar,-76.96058099999999,-12.0636029
Ferreteria,-76.94460099999999,-12.0659943
Ferreteria Ronny,-76.9933089,-12.0730172
Ferreteria Soto,-76.91226189999999,-12.0337188
Ferreteria Fatima Y Cia,-76.9301412,-12.0356962
Ferreteria San Jorge,-76.95653589999999,-12.0455778
Ferretería Asly,-76.956609,-12.0387539
Ferreteria Industrial El Artesano SRL,-76.96180609999999,-12.062874
APYD Distribuidora,-76.9384898,-12.0588489
Ferreteria Salazar,-76.9577338,-12.0465326
Ferreteria Aguirre,-76.9606561,-12.0363969
FERRETERÍA PORTADA DEL SOL,-76.996847,-12.024307
Ferreteria,-76.98642199999999,-12.0759561
PROVEEDORES FERRETEROS Y ELECTRICOS SAC / PROFELEC SAC,-76.965599,-12.05125
Ferretería y Matizados Marisol,-76.9636098,-12.0375672
Ferreteria INVERSIONES CORPORATIVOS SANTOS S.A.C,-76.9799774,-12.0804969
Ferretería Carlos,-76.9706279,-12.0417379
Ferreteria Crepisac,-76.9469108,-12.0287537
Ferreteria Azeta,-76.9385976,-12.0333962
Ferreteria San Ignacio,-76.9632944,-12.0474531
COMERCIAL FERRETERIA LAS MALVINAS EIRL,-77.083955,-12.0871019
Ferreteria Aceros Arequipa,-77.0835214,-12.06137
Osifer,-77.126673,-12.045112
Ferretería los Andes,-77.0976087,-12.069774
Ferretería Las Leyendas,-77.0873369,-12.074745
Ferretería Brusersa,-77.0945456,-12.080368
Ferretería Caps,-77.0862679,-12.0887359
Ferretería Martha Spinetta,-77.08532819999999,-12.0787127
Ferretería Arcosa,-77.0973621,-12.0591012
Ferretería La Economía,-77.10293519999999,-12.0761076
Hardware Service La Mar S.R.L.,-77.08070839999999,-12.0750463
Ferreteria Yumi,-77.0966578,-12.0156171
Ferreteria y Matizados De Colores Chuquija,-77.0957576,-12.0828538
Ferretería Pando,-77.0833604,-12.0626281
Ferreteria Hanan,-77.105144,-12.0602274
Ferretería y Pinturas Jose Isidro Chero Atoche,-77.0952808,-12.0533206
FERRETERÍA RUIZ,-77.100769,-12.017933
Ferretería Innovaferr,-77.09475599999999,-12.040399
Ferretería,-77.1118925,-12.0638727
FERRETERIA MONTEMAR,-77.11173749999999,-12.0722064
FERRETERIA OSMAR,-77.0696024,-12.0926805
Ferreteria,-77.043652,-12.087116
FERRETERIA SUCRE,-77.0628653,-12.073946
FERRETERIA PETIT THOUARS SAC,-77.0320009,-12.0940999
Ferreteria Gardella,-77.0293844,-12.0461408
Ferretería San Luis e Hijos,-77.02279,-12.0806089
Ferretería Willy,-77.061922,-12.0950519
Ferreteria Madeci S.R.L.,-77.0377676,-12.066375
Hardware Friends,-77.04392969999999,-12.0860008
FERRETERIA JHAN PIERO EIRL,-77.0448207,-12.0439492
Ferreteria Bravo,-77.0363809,-12.0997709
Ferretería,-77.0623584,-12.0838331
Ferretería Cesar,-77.037272,-12.0748509
Ferretería La Económica,-77.07651039999999,-12.0818089
Distribuidora de Ferreteria y Materiales de Construccion Sanchez S.A.C,-77.0746341,-12.0902865
Ferretería Y Servicios Milagros,-77.064478,-12.0751204
Ferretería Iahata,-77.0023439,-12.0981469
Ferreteria Chema,-77.0353315,-12.1159988
Ferreteria Ferroelectro,-77.0316101,-12.1236279
Ferretería Montoya,-77.00068809999999,-12.1065405
Corporation La Sirena,-77.025791,-12.116777
FERRETERIA LA PRIMAVERA SA,-77.021817,-12.1461043
Matizados y Ferretería Juan,-76.9935912,-12.1398627
Ferreteria William,-77.0243624,-12.1184054
Ferretería Piemontesa,-77.02583109999999,-12.1177487
Ferretería Piérola,-77.02167570000002,-12.1411445
Ferretería Claudia,-77.04466620000001,-12.1156907
Ferretería JV Comercial,-76.994249,-12.101967
Ferretería y Matizados M & G,-76.99242,-12.10843
Ferreteria Alado Del Golds Gym,-76.97261480000002,-12.1090204
Ferretería Flores,-77.054878,-12.00342
Commercial hardware Freedom,-77.0514958,-11.9523824
Ferreteria A&V,-77.069924,-11.971927
Ferretería,-77.0758828,-11.9536117
Ferretería Torres,-77.05830089999999,-11.9811947
Ferretería Eddy,-77.05167,-11.954288
FERRETERIAS ferremarket,-77.0832509,-11.976161
Ferretería Center,-77.0840039,-11.9778039
Fedicasa,-77.0725159,-11.9768742
Ferreteria Ditesa,-77.0918049,-12.01175
Ferreteria 3000,-77.09762479999999,-11.9910163
Ferretería Dymasa,-77.08421299999999,-11.9969634
Ferretería El Tío,-77.0814378,-11.9959334
Ferreteria Pilar Isabel,-77.053766,-11.959442
Ferreterias Edgar SRL,-77.097459,-11.998892
Ferretería Fiorela,-77.0755381,-12.0316108
Ferreteria Retama,-77.0596125,-11.9610742
Ferreteria Minako,-77.0880633,-11.9790832
Ferretería Principal,-77.0072155,-12.1130581
Ferretería Daga,-77.0443682,-12.1147306
Ferreteria Sanjac,-77.0314607,-12.08607
Basurto,-77.036255,-12.08366
Ferreteria Y Matizados El Arco Iris,-77.1003978,-12.0821194
Ferretería Rijean,-77.067037,-12.082307
Ferreteria Roma,-77.0775819,-12.084491
Ferretería Guerrero,-77.050175,-12.0789049
Ferretería Peru,-77.0490043,-12.0669163
Ferretería Enriquez,-77.050191,-12.0552789
Ferreteria Nikita,-77.05411029999999,-12.0013246
Ferremarket Valois,-77.08493419999999,-11.9973711
Ferretería Washington,-77.039042,-12.062268
Ferremarket VALOIS,-77.073933,-12.006558
Ferretería Corval,-77.070656,-12.063289
Ferretería El Constructor,-77.0669209,-12.062918
FERREMARKET VALOIS FERRETERIA,-77.06719380000001,-12.0051813
ENGELS, MERKEL & CIA PERU S.A.,-77.0618269,-12.055667
Ferreteria Lupa,-76.9967331,-12.1693039
FERRETERÍA H.C.,-76.9913129,-12.141789
Las Hermanitas,-76.97481479999999,-12.1421739
Ferretería La Piedra,-76.975234,-12.140614
